shipment_id,route,origin,destination,mode,cargo_type,service_level,booking_time,planned_delivery_time,actual_delivery_time,final_delay_hours,is_delayed,base_congestion,base_weather,documents_ready,split
SHP-0001,SGSIN-AUSYD,SGSIN,AUSYD,SEA,GENERAL,EXPRESS,2025-01-01 00:00:00+00:00,2025-01-05 20:06:00+00:00,2025-01-05 19:15:23.878811104+00:00,-0.8433669969444444,0,0.7434762492406323,0.3101457839077713,1,train
SHP-0002,CNSHA-DEHAM,CNSHA,DEHAM,SEA,ELECTRONICS,STANDARD,2025-01-01 11:00:00+00:00,2025-01-19 22:00:00+00:00,2025-01-19 15:24:33.367559184+00:00,-6.590731233611112,0,0.4584481188560829,0.19976365835298,1,train
SHP-0003,USLAX-USCHI,USLAX,USCHI,ROAD,GENERAL,EXPRESS,2025-01-02 02:00:00+00:00,2025-01-04 18:30:00+00:00,2025-01-04 12:29:25.708220421+00:00,-6.0095254944444445,0,0.3359214545256517,0.3537893966671187,1,train
SHP-0004,AEDXB-GBLHR,AEDXB,GBLHR,AIR,FASHION,EXPRESS,2025-01-02 06:00:00+00:00,2025-01-03 10:22:48+00:00,2025-01-03 07:18:37.217755479+00:00,-3.069661734722222,0,0.3636841797759174,0.256381916970657,1,train
SHP-0005,SGSIN-USLAX,SGSIN,USLAX,MULTIMODAL,GENERAL,STANDARD,2025-01-02 16:00:00+00:00,2025-01-13 06:00:00+00:00,2025-01-13 08:28:10.454979825+00:00,2.4695708275,0,0.482104544965554,0.3325519180314512,1,train
SHP-0006,NLRTM-FRPAR,NLRTM,FRPAR,MULTIMODAL,ELECTRONICS,EXPRESS,2025-01-03 04:00:00+00:00,2025-01-05 11:02:24+00:00,2025-01-06 05:41:42.503671939+00:00,18.655139908611112,1,0.5527509567739617,0.2682113771554507,0,train
SHP-0007,SGSIN-AUSYD,SGSIN,AUSYD,SEA,GENERAL,EXPRESS,2025-01-03 17:00:00+00:00,2025-01-08 13:06:00+00:00,2025-01-08 00:00:30.421137690+00:00,-13.091549684166669,0,0.6893894953471563,0.1391160608286448,1,train
SHP-0008,CNSHA-DEHAM,CNSHA,DEHAM,SEA,GENERAL,STANDARD,2025-01-03 23:00:00+00:00,2025-01-22 10:00:00+00:00,2025-01-22 11:49:20.827162907+00:00,1.8224519894444444,0,0.4995482984692047,0.4961268697299307,1,train
SHP-0009,USLAX-USCHI,USLAX,USCHI,ROAD,GENERAL,EXPRESS,2025-01-04 12:00:00+00:00,2025-01-07 04:30:00+00:00,2025-01-07 03:33:22.702540317+00:00,-0.9436937388888887,0,0.6231189634565398,0.160960777267822,1,train
SHP-0010,AEDXB-GBLHR,AEDXB,GBLHR,AIR,GENERAL,STANDARD,2025-01-05 00:00:00+00:00,2025-01-06 09:00:00+00:00,2025-01-06 11:11:24.039307908+00:00,2.190010918611111,0,0.633882435825995,0.2526335056249605,1,train
SHP-0011,SGSIN-USLAX,SGSIN,USLAX,MULTIMODAL,FASHION,STANDARD,2025-01-05 10:00:00+00:00,2025-01-16 00:00:00+00:00,2025-01-16 02:36:06.186162735+00:00,2.601718378333333,0,0.6185361712695809,0.3640660505777887,1,train
SHP-0012,NLRTM-FRPAR,NLRTM,FRPAR,MULTIMODAL,PERISHABLE,STANDARD,2025-01-05 15:00:00+00:00,2025-01-08 07:00:00+00:00,2025-01-07 20:58:00.639707143+00:00,-10.033155636944445,0,0.5620800466257326,0.2426671106562639,1,train
SHP-0013,SGSIN-AUSYD,SGSIN,AUSYD,SEA,GENERAL,STANDARD,2025-01-06 05:00:00+00:00,2025-01-11 20:00:00+00:00,2025-01-13 09:32:27.454032191+00:00,37.540959453333336,1,0.7605193325023091,0.2017025741135311,0,train
SHP-0014,CNSHA-DEHAM,CNSHA,DEHAM,SEA,PERISHABLE,EXPRESS,2025-01-06 15:00:00+00:00,2025-01-22 11:58:48+00:00,2025-01-22 08:44:28.099186538+00:00,-3.2388613372222226,0,0.271315603939857,0.4865005692022027,1,train
SHP-0015,USLAX-USCHI,USLAX,USCHI,ROAD,GENERAL,STANDARD,2025-01-07 02:00:00+00:00,2025-01-10 05:00:00+00:00,2025-01-10 19:38:14.477987290+00:00,14.637354996388888,1,0.4892704958382551,0.3990006570440794,0,train
SHP-0016,AEDXB-GBLHR,AEDXB,GBLHR,AIR,PERISHABLE,STANDARD,2025-01-07 08:00:00+00:00,2025-01-08 17:00:00+00:00,2025-01-08 11:56:28.606096805+00:00,-5.058720528888889,0,0.3509635829683402,0.4019410436933184,1,train
SHP-0017,SGSIN-USLAX,SGSIN,USLAX,MULTIMODAL,FASHION,STANDARD,2025-01-07 20:00:00+00:00,2025-01-18 10:00:00+00:00,2025-01-18 06:12:00.990381258+00:00,-3.799724894166667,0,0.3889925906983331,0.235391835760451,1,train
SHP-0018,NLRTM-FRPAR,NLRTM,FRPAR,MULTIMODAL,FASHION,STANDARD,2025-01-08 03:00:00+00:00,2025-01-10 19:00:00+00:00,2025-01-10 11:05:43.548868947+00:00,-7.904569758888888,0,0.3195184637111549,0.3262531807270148,1,train
SHP-0019,SGSIN-AUSYD,SGSIN,AUSYD,SEA,GENERAL,STANDARD,2025-01-08 13:00:00+00:00,2025-01-14 04:00:00+00:00,2025-01-14 12:05:11.512488633+00:00,8.086531246666667,0,0.7588615442730169,0.2860862040165566,1,train
SHP-0020,CNSHA-DEHAM,CNSHA,DEHAM,SEA,ELECTRONICS,STANDARD,2025-01-08 22:00:00+00:00,2025-01-27 09:00:00+00:00,2025-01-27 07:53:07.192677071+00:00,-1.1146687008333334,0,0.5052655386528995,0.4183649567987625,1,train
SHP-0021,USLAX-USCHI,USLAX,USCHI,ROAD,GENERAL,EXPRESS,2025-01-09 08:00:00+00:00,2025-01-12 00:30:00+00:00,2025-01-12 04:21:48.005739475+00:00,3.8633349275,0,0.583318928195684,0.3427075877078026,1,train
SHP-0022,AEDXB-GBLHR,AEDXB,GBLHR,AIR,GENERAL,STANDARD,2025-01-09 19:00:00+00:00,2025-01-11 04:00:00+00:00,2025-01-10 19:17:41.392042713+00:00,-8.705168877222222,0,0.3598332483384645,0.1112859536710882,1,train
SHP-0023,SGSIN-USLAX,SGSIN,USLAX,MULTIMODAL,GENERAL,EXPRESS,2025-01-10 10:00:00+00:00,2025-01-19 12:26:24+00:00,2025-01-19 07:26:41.335263875+00:00,-4.995184649166666,0,0.5077570057412191,0.2552672488233988,1,train
SHP-0024,NLRTM-FRPAR,NLRTM,FRPAR,MULTIMODAL,GENERAL,STANDARD,2025-01-10 20:00:00+00:00,2025-01-13 12:00:00+00:00,2025-01-13 02:47:49.308544977+00:00,-9.20296984888889,0,0.4396629111127564,0.1968134747307787,1,train
SHP-0025,SGSIN-AUSYD,SGSIN,AUSYD,SEA,PERISHABLE,EXPRESS,2025-01-11 02:00:00+00:00,2025-01-15 22:06:00+00:00,2025-01-15 23:14:20.764983776+00:00,1.1391013841666666,0,0.6562878538085699,0.2328210590364107,1,train
SHP-0026,CNSHA-DEHAM,CNSHA,DEHAM,SEA,FASHION,STANDARD,2025-01-11 13:00:00+00:00,2025-01-30 00:00:00+00:00,2025-01-30 22:36:38.702422351+00:00,22.61075067277778,1,0.5926928395810559,0.3815146548447884,0,train
SHP-0027,USLAX-USCHI,USLAX,USCHI,ROAD,GENERAL,STANDARD,2025-01-12 02:00:00+00:00,2025-01-15 05:00:00+00:00,2025-01-15 18:34:28.359586669+00:00,13.574544329444445,1,0.621389520482724,0.4203911399392204,1,train
SHP-0028,AEDXB-GBLHR,AEDXB,GBLHR,AIR,GENERAL,EXPRESS,2025-01-12 09:00:00+00:00,2025-01-13 13:22:48+00:00,2025-01-14 03:21:08.910513224+00:00,13.9724751425,1,0.3640724559568772,0.1897491936620587,0,train
SHP-0029,SGSIN-USLAX,SGSIN,USLAX,MULTIMODAL,ELECTRONICS,EXPRESS,2025-01-12 18:00:00+00:00,2025-01-21 20:26:24+00:00,2025-01-22 22:12:04.070623799+00:00,25.761130728611118,1,0.5712017702652545,0.1446551534202302,0,train
SHP-0030,NLRTM-FRPAR,NLRTM,FRPAR,MULTIMODAL,GENERAL,EXPRESS,2025-01-13 05:00:00+00:00,2025-01-15 12:02:24+00:00,2025-01-14 21:28:13.437504431+00:00,-14.569600693333332,0,0.3728822972592793,0.4394470282192362,1,train
SHP-0031,SGSIN-AUSYD,SGSIN,AUSYD,SEA,GENERAL,EXPRESS,2025-01-13 13:00:00+00:00,2025-01-18 09:06:00+00:00,2025-01-17 12:51:12.363725810+00:00,-20.24656563194444,0,0.3234862576082153,0.2403773632686963,1,train
SHP-0032,CNSHA-DEHAM,CNSHA,DEHAM,SEA,FASHION,STANDARD,2025-01-13 23:00:00+00:00,2025-02-01 10:00:00+00:00,2025-02-01 00:37:11.132213587+00:00,-9.380241051944443,0,0.443747647652605,0.1872453078687029,1,train
SHP-0033,USLAX-USCHI,USLAX,USCHI,ROAD,GENERAL,STANDARD,2025-01-14 12:00:00+00:00,2025-01-17 15:00:00+00:00,2025-01-18 04:40:05.197106648+00:00,13.66811030722222,1,0.4852698488697088,0.2745283418094489,1,train
SHP-0034,AEDXB-GBLHR,AEDXB,GBLHR,AIR,FASHION,STANDARD,2025-01-14 21:00:00+00:00,2025-01-16 06:00:00+00:00,2025-01-15 17:52:32.771485704+00:00,-12.124230143055556,0,0.5457209395926574,0.1930116610115621,1,train
SHP-0035,SGSIN-USLAX,SGSIN,USLAX,MULTIMODAL,FASHION,EXPRESS,2025-01-15 07:00:00+00:00,2025-01-24 09:26:24+00:00,2025-01-23 21:26:23.264334497+00:00,-12.000204351666667,0,0.4695673644741591,0.2799113809747995,1,train
SHP-0036,NLRTM-FRPAR,NLRTM,FRPAR,MULTIMODAL,PERISHABLE,EXPRESS,2025-01-15 14:00:00+00:00,2025-01-17 21:02:24+00:00,2025-01-17 20:39:08.530721607+00:00,-0.3876303552777777,0,0.3463204217964097,0.3280823370237919,1,train
SHP-0037,SGSIN-AUSYD,SGSIN,AUSYD,SEA,GENERAL,STANDARD,2025-01-16 01:00:00+00:00,2025-01-21 16:00:00+00:00,2025-01-21 11:46:42.104675539+00:00,-4.221637590277778,0,0.3543120191409031,0.2440373381527283,1,train
SHP-0038,CNSHA-DEHAM,CNSHA,DEHAM,SEA,GENERAL,STANDARD,2025-01-16 11:00:00+00:00,2025-02-03 22:00:00+00:00,2025-02-03 16:26:59.176817479+00:00,-5.550228661944445,0,0.4658289366566538,0.2143996089638334,1,train
SHP-0039,USLAX-USCHI,USLAX,USCHI,ROAD,ELECTRONICS,STANDARD,2025-01-16 20:00:00+00:00,2025-01-19 23:00:00+00:00,2025-01-19 16:45:14.928865289+00:00,-6.245853093055555,0,0.4666336644691797,0.3528452453251561,1,train
SHP-0040,AEDXB-GBLHR,AEDXB,GBLHR,AIR,GENERAL,STANDARD,2025-01-17 12:00:00+00:00,2025-01-18 21:00:00+00:00,2025-01-18 15:11:54.686711642+00:00,-5.801475913611111,0,0.3868180389140193,0.1773321827364391,1,train
SHP-0041,SGSIN-USLAX,SGSIN,USLAX,MULTIMODAL,GENERAL,EXPRESS,2025-01-17 17:00:00+00:00,2025-01-26 19:26:24+00:00,2025-01-28 02:33:04.178797797+00:00,31.111160776944445,1,0.7843351627552364,0.3237693880277901,0,train
SHP-0042,NLRTM-FRPAR,NLRTM,FRPAR,MULTIMODAL,GENERAL,STANDARD,2025-01-18 07:00:00+00:00,2025-01-20 23:00:00+00:00,2025-01-20 19:02:05.104440935+00:00,-3.965248766666667,0,0.3671205060771593,0.2911697006128771,1,train
SHP-0043,SGSIN-AUSYD,SGSIN,AUSYD,SEA,GENERAL,STANDARD,2025-01-18 12:00:00+00:00,2025-01-24 03:00:00+00:00,2025-01-24 05:42:51.087377180+00:00,2.714190938055556,0,0.525902829767068,0.4119073676585311,1,train
SHP-0044,CNSHA-DEHAM,CNSHA,DEHAM,SEA,GENERAL,STANDARD,2025-01-18 23:00:00+00:00,2025-02-06 10:00:00+00:00,2025-02-06 17:28:19.586691244+00:00,7.472107414166667,0,0.6388437774423155,0.1777802961246698,1,train
SHP-0045,USLAX-USCHI,USLAX,USCHI,ROAD,GENERAL,STANDARD,2025-01-19 12:00:00+00:00,2025-01-22 15:00:00+00:00,2025-01-22 16:14:51.483700863+00:00,1.2476343611111111,0,0.5227204435445737,0.4667513092376155,1,train
SHP-0046,AEDXB-GBLHR,AEDXB,GBLHR,AIR,FASHION,EXPRESS,2025-01-19 21:00:00+00:00,2025-01-21 01:22:48+00:00,2025-01-21 08:28:35.772899833+00:00,7.096603583055556,0,0.4610713741612658,0.1773070083689345,1,train
SHP-0047,SGSIN-USLAX,SGSIN,USLAX,MULTIMODAL,GENERAL,STANDARD,2025-01-20 08:00:00+00:00,2025-01-30 22:00:00+00:00,2025-01-30 12:27:24.544581521+00:00,-9.543182060833333,0,0.3963214836284171,0.2664871749325758,1,train
SHP-0048,NLRTM-FRPAR,NLRTM,FRPAR,MULTIMODAL,GENERAL,STANDARD,2025-01-20 16:00:00+00:00,2025-01-23 08:00:00+00:00,2025-01-24 00:04:43.147329865+00:00,16.078652035833333,1,0.3804505031822284,0.1601858494631673,0,train
SHP-0049,SGSIN-AUSYD,SGSIN,AUSYD,SEA,GENERAL,STANDARD,2025-01-21 05:00:00+00:00,2025-01-26 20:00:00+00:00,2025-01-27 01:12:33.837493230+00:00,5.209399303611111,0,0.6243335245865478,0.2097769297730984,1,train
SHP-0050,CNSHA-DEHAM,CNSHA,DEHAM,SEA,PERISHABLE,EXPRESS,2025-01-21 10:00:00+00:00,2025-02-06 06:58:48+00:00,2025-02-06 04:38:57.941225332+00:00,-2.330571881944444,0,0.8366520949740814,0.3284582027404764,1,train
SHP-0051,USLAX-USCHI,USLAX,USCHI,ROAD,ELECTRONICS,STANDARD,2025-01-22 02:00:00+00:00,2025-01-25 05:00:00+00:00,2025-01-25 02:33:40.957518074+00:00,-2.4386229116666667,0,0.4911738031424395,0.2871991011862557,1,train
SHP-0052,AEDXB-GBLHR,AEDXB,GBLHR,AIR,ELECTRONICS,STANDARD,2025-01-22 12:00:00+00:00,2025-01-23 21:00:00+00:00,2025-01-24 14:47:19.703367040+00:00,17.788806490833334,1,0.5709586802536868,0.2027434268116378,0,train
SHP-0053,SGSIN-USLAX,SGSIN,USLAX,MULTIMODAL,GENERAL,STANDARD,2025-01-22 22:00:00+00:00,2025-02-02 12:00:00+00:00,2025-02-02 02:28:21.208263710+00:00,-9.527442149166667,0,0.4576044131683291,0.2057405287094146,1,train
SHP-0054,NLRTM-FRPAR,NLRTM,FRPAR,MULTIMODAL,PERISHABLE,EXPRESS,2025-01-23 08:00:00+00:00,2025-01-25 15:02:24+00:00,2025-01-25 04:54:49.349300523+00:00,-10.126291861111111,0,0.4733696866625521,0.1339228136964195,1,train
SHP-0055,SGSIN-AUSYD,SGSIN,AUSYD,SEA,GENERAL,STANDARD,2025-01-23 15:00:00+00:00,2025-01-29 06:00:00+00:00,2025-01-28 16:44:50.445955389+00:00,-13.252653901388888,0,0.5127389352680943,0.3298988236654763,1,train
SHP-0056,CNSHA-DEHAM,CNSHA,DEHAM,SEA,GENERAL,EXPRESS,2025-01-24 00:00:00+00:00,2025-02-08 20:58:48+00:00,2025-02-08 23:11:22.005274632+00:00,2.2094459094444443,0,0.627677336045578,0.3347778017187947,1,train
SHP-0057,USLAX-USCHI,USLAX,USCHI,ROAD,GENERAL,STANDARD,2025-01-24 12:00:00+00:00,2025-01-27 15:00:00+00:00,2025-01-27 06:35:23.360720161+00:00,-8.410177577777777,0,0.5385959956270446,0.2286672949512155,1,train
SHP-0058,AEDXB-GBLHR,AEDXB,GBLHR,AIR,GENERAL,EXPRESS,2025-01-24 23:00:00+00:00,2025-01-26 03:22:48+00:00,2025-01-25 17:02:29.027393454+00:00,-10.338603501944446,0,0.2275641954801978,0.157983238512098,1,train
SHP-0059,SGSIN-USLAX,SGSIN,USLAX,MULTIMODAL,PERISHABLE,EXPRESS,2025-01-25 10:00:00+00:00,2025-02-03 12:26:24+00:00,2025-02-04 18:11:55.174758345+00:00,29.758659655,1,0.6100926016670651,0.2464036798091046,0,train
SHP-0060,NLRTM-FRPAR,NLRTM,FRPAR,MULTIMODAL,ELECTRONICS,STANDARD,2025-01-25 14:00:00+00:00,2025-01-28 06:00:00+00:00,2025-01-27 04:57:46.261770913+00:00,-25.037149508333336,0,0.3464687287532219,0.1591557185764767,1,train
SHP-0061,SGSIN-AUSYD,SGSIN,AUSYD,SEA,ELECTRONICS,EXPRESS,2025-01-26 04:00:00+00:00,2025-01-31 00:06:00+00:00,2025-02-01 08:50:27.354110670+00:00,32.74093169722222,1,0.4803861073664722,0.3352693952899892,0,train
SHP-0062,CNSHA-DEHAM,CNSHA,DEHAM,SEA,GENERAL,STANDARD,2025-01-26 14:00:00+00:00,2025-02-14 01:00:00+00:00,2025-02-14 00:24:52.761176041+00:00,-0.5853441177777778,0,0.5732769219284584,0.3271511012753365,1,train
SHP-0063,USLAX-USCHI,USLAX,USCHI,ROAD,ELECTRONICS,STANDARD,2025-01-26 20:00:00+00:00,2025-01-29 23:00:00+00:00,2025-01-30 18:05:57.555469187+00:00,19.09932096361111,1,0.4087799238718771,0.2131978203522716,0,train
SHP-0064,AEDXB-GBLHR,AEDXB,GBLHR,AIR,GENERAL,EXPRESS,2025-01-27 09:00:00+00:00,2025-01-28 13:22:48+00:00,2025-01-28 09:33:30.979941879+00:00,-3.8213944608333335,0,0.5339112879723018,0.3042255952547791,1,train
SHP-0065,SGSIN-USLAX,SGSIN,USLAX,MULTIMODAL,FASHION,STANDARD,2025-01-27 17:00:00+00:00,2025-02-07 07:00:00+00:00,2025-02-07 19:51:40.758504651+00:00,12.861321806666666,1,0.3984167493821152,0.5097889139170991,1,train
SHP-0066,NLRTM-FRPAR,NLRTM,FRPAR,MULTIMODAL,GENERAL,EXPRESS,2025-01-28 06:00:00+00:00,2025-01-30 13:02:24+00:00,2025-01-31 12:39:51.981938567+00:00,23.62443942722222,1,0.7034026467629516,0.1418355520499009,0,train
SHP-0067,SGSIN-AUSYD,SGSIN,AUSYD,SEA,GENERAL,STANDARD,2025-01-28 12:00:00+00:00,2025-02-03 03:00:00+00:00,2025-02-03 01:50:28.646822680+00:00,-1.1587092161111112,0,0.4589870519829354,0.3238479436561896,1,train
SHP-0068,CNSHA-DEHAM,CNSHA,DEHAM,SEA,ELECTRONICS,EXPRESS,2025-01-29 01:00:00+00:00,2025-02-13 21:58:48+00:00,2025-02-13 20:55:29.780112648+00:00,-1.05506108,0,0.7812654975820241,0.2600661859132909,1,train
SHP-0069,USLAX-USCHI,USLAX,USCHI,ROAD,FASHION,EXPRESS,2025-01-29 13:00:00+00:00,2025-02-01 05:30:00+00:00,2025-02-01 16:24:35.125246581+00:00,10.909757012777778,0,0.4340004770360892,0.3086988647385389,1,train
SHP-0070,AEDXB-GBLHR,AEDXB,GBLHR,AIR,ELECTRONICS,STANDARD,2025-01-29 23:00:00+00:00,2025-01-31 08:00:00+00:00,2025-01-31 17:00:37.088583050+00:00,9.010302384166668,0,0.3298421865035346,0.3118033764381686,1,train
SHP-0071,SGSIN-USLAX,SGSIN,USLAX,MULTIMODAL,GENERAL,STANDARD,2025-01-30 07:00:00+00:00,2025-02-09 21:00:00+00:00,2025-02-10 22:28:23.730700315+00:00,25.473258527777777,1,0.4058118458857486,0.4295413644039362,0,train
SHP-0072,NLRTM-FRPAR,NLRTM,FRPAR,MULTIMODAL,FASHION,STANDARD,2025-01-30 17:00:00+00:00,2025-02-02 09:00:00+00:00,2025-02-02 13:44:28.786128855+00:00,4.74132948,0,0.4806116461798184,0.4472223049301851,1,train
SHP-0073,SGSIN-AUSYD,SGSIN,AUSYD,SEA,PERISHABLE,STANDARD,2025-01-31 06:00:00+00:00,2025-02-05 21:00:00+00:00,2025-02-06 04:11:23.518943600+00:00,7.189866373055556,0,0.4810516697073382,0.2101054202376794,1,train
SHP-0074,CNSHA-DEHAM,CNSHA,DEHAM,SEA,ELECTRONICS,STANDARD,2025-01-31 13:00:00+00:00,2025-02-19 00:00:00+00:00,2025-02-19 18:45:35.204243009+00:00,18.75977895638889,1,0.6066955374365928,0.6095545578462932,1,train
SHP-0075,USLAX-USCHI,USLAX,USCHI,ROAD,GENERAL,EXPRESS,2025-01-31 22:00:00+00:00,2025-02-03 14:30:00+00:00,2025-02-03 11:09:26.979853610+00:00,-3.342505596388889,0,0.5529321003137702,0.400629073691653,1,train
SHP-0076,AEDXB-GBLHR,AEDXB,GBLHR,AIR,ELECTRONICS,STANDARD,2025-02-01 08:00:00+00:00,2025-02-02 17:00:00+00:00,2025-02-03 14:17:20.957502082+00:00,21.289154861666667,1,0.4780758033097732,0.1855477747451472,0,train
SHP-0077,SGSIN-USLAX,SGSIN,USLAX,MULTIMODAL,GENERAL,EXPRESS,2025-02-01 20:00:00+00:00,2025-02-10 22:26:24+00:00,2025-02-10 16:42:25.030956292+00:00,-5.733046956666667,0,0.3030464752795828,0.1792252841201337,1,train
SHP-0078,NLRTM-FRPAR,NLRTM,FRPAR,MULTIMODAL,FASHION,STANDARD,2025-02-02 04:00:00+00:00,2025-02-04 20:00:00+00:00,2025-02-05 02:07:55.862005274+00:00,6.132183890277777,0,0.4851478382923809,0.2717578327467347,1,train
SHP-0079,SGSIN-AUSYD,SGSIN,AUSYD,SEA,ELECTRONICS,STANDARD,2025-02-02 18:00:00+00:00,2025-02-08 09:00:00+00:00,2025-02-08 01:03:03.076470417+00:00,-7.949145425,0,0.4461274795554626,0.2621342048418354,1,train
SHP-0080,CNSHA-DEHAM,CNSHA,DEHAM,SEA,GENERAL,EXPRESS,2025-02-03 04:00:00+00:00,2025-02-19 00:58:48+00:00,2025-02-18 10:09:30.424617921+00:00,-14.8215487175,0,0.4145498638990702,0.2800092956445579,1,train
SHP-0081,USLAX-USCHI,USLAX,USCHI,ROAD,GENERAL,EXPRESS,2025-02-03 09:00:00+00:00,2025-02-06 01:30:00+00:00,2025-02-06 04:56:32.239688944+00:00,3.442288802222222,0,0.6352416796324388,0.2645192032423893,1,train
SHP-0082,AEDXB-GBLHR,AEDXB,GBLHR,AIR,GENERAL,STANDARD,2025-02-03 20:00:00+00:00,2025-02-05 05:00:00+00:00,2025-02-05 08:22:00.672816160+00:00,3.36685356,0,0.4942039707455161,0.2106189236352941,1,train
SHP-0083,SGSIN-USLAX,SGSIN,USLAX,MULTIMODAL,FASHION,STANDARD,2025-02-04 10:00:00+00:00,2025-02-15 00:00:00+00:00,2025-02-15 00:38:56.713676168+00:00,0.6490871322222221,0,0.69222079927365,0.1875991647850068,1,train
SHP-0084,NLRTM-FRPAR,NLRTM,FRPAR,MULTIMODAL,GENERAL,STANDARD,2025-02-04 20:00:00+00:00,2025-02-07 12:00:00+00:00,2025-02-06 19:43:40.789760278+00:00,-16.272002844444444,0,0.4159855507255434,0.1402686920436719,1,train
SHP-0085,SGSIN-AUSYD,SGSIN,AUSYD,SEA,ELECTRONICS,STANDARD,2025-02-05 04:00:00+00:00,2025-02-10 19:00:00+00:00,2025-02-10 16:24:16.655389327+00:00,-2.595373503055556,0,0.6198382090673741,0.4250051604042951,1,train
SHP-0086,CNSHA-DEHAM,CNSHA,DEHAM,SEA,GENERAL,STANDARD,2025-02-05 13:00:00+00:00,2025-02-24 00:00:00+00:00,2025-02-24 02:05:31.562973138+00:00,2.0921008258333336,0,0.4343863017476088,0.3386136811531506,1,train
SHP-0087,USLAX-USCHI,USLAX,USCHI,ROAD,GENERAL,STANDARD,2025-02-06 02:00:00+00:00,2025-02-09 05:00:00+00:00,2025-02-08 21:16:33.380714872+00:00,-7.724060912777778,0,0.3862891500294758,0.2053176939920768,1,train
SHP-0088,AEDXB-GBLHR,AEDXB,GBLHR,AIR,PERISHABLE,STANDARD,2025-02-06 06:00:00+00:00,2025-02-07 15:00:00+00:00,2025-02-08 16:42:29.544890737+00:00,25.70820691388889,1,0.5358628433209646,0.430149723646982,0,train
SHP-0089,SGSIN-USLAX,SGSIN,USLAX,MULTIMODAL,PERISHABLE,STANDARD,2025-02-06 21:00:00+00:00,2025-02-17 11:00:00+00:00,2025-02-17 11:51:01.367170472+00:00,0.8503797694444445,0,0.4148103752100962,0.2566474422573441,1,train
SHP-0090,NLRTM-FRPAR,NLRTM,FRPAR,MULTIMODAL,PERISHABLE,EXPRESS,2025-02-07 03:00:00+00:00,2025-02-09 10:02:24+00:00,2025-02-09 09:21:39.927698671+00:00,-0.6789089727777778,0,0.3578816587032996,0.5922400161375337,1,train
SHP-0091,SGSIN-AUSYD,SGSIN,AUSYD,SEA,FASHION,STANDARD,2025-02-07 15:00:00+00:00,2025-02-13 06:00:00+00:00,2025-02-13 02:56:03.935791256+00:00,-3.065573391388889,0,0.4805845569858591,0.234430586968798,1,train
SHP-0092,CNSHA-DEHAM,CNSHA,DEHAM,SEA,GENERAL,STANDARD,2025-02-08 03:00:00+00:00,2025-02-26 14:00:00+00:00,2025-02-26 18:31:09.108158236+00:00,4.519196710555556,0,0.3948551736416834,0.5558270284276919,1,train
SHP-0093,USLAX-USCHI,USLAX,USCHI,ROAD,GENERAL,STANDARD,2025-02-08 12:00:00+00:00,2025-02-11 15:00:00+00:00,2025-02-12 03:28:12.232147487+00:00,12.470064485277778,1,0.7916330831402476,0.3701999105302226,1,train
SHP-0094,AEDXB-GBLHR,AEDXB,GBLHR,AIR,FASHION,STANDARD,2025-02-08 21:00:00+00:00,2025-02-10 06:00:00+00:00,2025-02-10 07:00:16.522967686+00:00,1.0045897130555554,0,0.4482955582621399,0.4956854560549786,1,train
SHP-0095,SGSIN-USLAX,SGSIN,USLAX,MULTIMODAL,GENERAL,STANDARD,2025-02-09 09:00:00+00:00,2025-02-19 23:00:00+00:00,2025-02-19 08:06:20.899763407+00:00,-14.894194510277778,0,0.3288244723683387,0.247600991024132,1,train
SHP-0096,NLRTM-FRPAR,NLRTM,FRPAR,MULTIMODAL,PERISHABLE,STANDARD,2025-02-09 15:00:00+00:00,2025-02-12 07:00:00+00:00,2025-02-13 05:36:50.793439645+00:00,22.61410928861111,1,0.6139675981569419,0.1600952943299818,0,train
SHP-0097,SGSIN-AUSYD,SGSIN,AUSYD,SEA,PERISHABLE,STANDARD,2025-02-10 04:00:00+00:00,2025-02-15 19:00:00+00:00,2025-02-15 20:35:02.496301092+00:00,1.5840267502777778,0,0.5786090497143445,0.3495139632758788,1,train
SHP-0098,CNSHA-DEHAM,CNSHA,DEHAM,SEA,GENERAL,STANDARD,2025-02-10 12:00:00+00:00,2025-02-28 23:00:00+00:00,2025-02-28 12:03:09.373719702+00:00,-10.947396189166666,0,0.512025463122227,0.3473773772760362,1,train
SHP-0099,USLAX-USCHI,USLAX,USCHI,ROAD,GENERAL,EXPRESS,2025-02-10 20:00:00+00:00,2025-02-13 12:30:00+00:00,2025-02-13 23:00:25.563036303+00:00,10.507100843333331,0,0.5048639004522297,0.3660409176973007,1,train
SHP-0100,AEDXB-GBLHR,AEDXB,GBLHR,AIR,PERISHABLE,EXPRESS,2025-02-11 10:00:00+00:00,2025-02-12 14:22:48+00:00,2025-02-12 12:51:24.364820065+00:00,-1.5232319944444446,0,0.3737948544964442,0.2092750889676332,1,train
SHP-0101,SGSIN-USLAX,SGSIN,USLAX,MULTIMODAL,ELECTRONICS,STANDARD,2025-02-11 19:00:00+00:00,2025-02-22 09:00:00+00:00,2025-02-21 23:09:27.894604707+00:00,-9.842251498888889,0,0.4631009158396461,0.284735221997797,1,train
SHP-0102,NLRTM-FRPAR,NLRTM,FRPAR,MULTIMODAL,GENERAL,STANDARD,2025-02-12 07:00:00+00:00,2025-02-14 23:00:00+00:00,2025-02-15 02:52:44.667943311+00:00,3.879074428611111,0,0.6694578076512265,0.1277403668418748,1,train
SHP-0103,SGSIN-AUSYD,SGSIN,AUSYD,SEA,ELECTRONICS,STANDARD,2025-02-12 15:00:00+00:00,2025-02-18 06:00:00+00:00,2025-02-18 11:48:09.337122490+00:00,5.802593645,0,0.5081014367610095,0.2712703878653251,1,train
SHP-0104,CNSHA-DEHAM,CNSHA,DEHAM,SEA,FASHION,STANDARD,2025-02-13 02:00:00+00:00,2025-03-03 13:00:00+00:00,2025-03-03 10:24:09.020635002+00:00,-2.5974942680555557,0,0.4806711839690081,0.2696749154353909,1,train
SHP-0105,USLAX-USCHI,USLAX,USCHI,ROAD,PERISHABLE,STANDARD,2025-02-13 14:00:00+00:00,2025-02-16 17:00:00+00:00,2025-02-17 13:19:02.482767386+00:00,20.317356324166663,1,0.6257970658782372,0.2049299147382185,0,train
SHP-0106,AEDXB-GBLHR,AEDXB,GBLHR,AIR,PERISHABLE,STANDARD,2025-02-13 21:00:00+00:00,2025-02-15 06:00:00+00:00,2025-02-15 19:18:58.729389042+00:00,13.316313719166669,1,0.3496224308865836,0.3811395046250483,0,train
SHP-0107,SGSIN-USLAX,SGSIN,USLAX,MULTIMODAL,ELECTRONICS,STANDARD,2025-02-14 10:00:00+00:00,2025-02-25 00:00:00+00:00,2025-02-25 03:06:47.842642374+00:00,3.1132896227777778,0,0.6663279911389247,0.360161488173373,1,train
SHP-0108,NLRTM-FRPAR,NLRTM,FRPAR,MULTIMODAL,ELECTRONICS,EXPRESS,2025-02-14 18:00:00+00:00,2025-02-17 01:02:24+00:00,2025-02-17 01:49:33.150560348+00:00,0.7858751555555555,0,0.4880689172753304,0.3172123033964105,1,train
SHP-0109,SGSIN-AUSYD,SGSIN,AUSYD,SEA,GENERAL,STANDARD,2025-02-15 01:00:00+00:00,2025-02-20 16:00:00+00:00,2025-02-21 14:39:12.363940125+00:00,22.65343442777777,1,0.5270296004365034,0.3578150630556176,0,train
SHP-0110,CNSHA-DEHAM,CNSHA,DEHAM,SEA,ELECTRONICS,EXPRESS,2025-02-15 15:00:00+00:00,2025-03-03 11:58:48+00:00,2025-03-03 18:58:27.502650864+00:00,6.994306291666666,0,0.595919513390037,0.484255313791359,1,train
SHP-0111,USLAX-USCHI,USLAX,USCHI,ROAD,GENERAL,EXPRESS,2025-02-15 20:00:00+00:00,2025-02-18 12:30:00+00:00,2025-02-18 08:01:04.877157808+00:00,-4.4819785675,0,0.3421730270008609,0.2485631247109712,1,train
SHP-0112,AEDXB-GBLHR,AEDXB,GBLHR,AIR,ELECTRONICS,STANDARD,2025-02-16 06:00:00+00:00,2025-02-17 15:00:00+00:00,2025-02-17 10:09:38.391336675+00:00,-4.83933574,0,0.4175767049347552,0.2257856541883421,1,train
SHP-0113,SGSIN-USLAX,SGSIN,USLAX,MULTIMODAL,GENERAL,STANDARD,2025-02-16 18:00:00+00:00,2025-02-27 08:00:00+00:00,2025-02-27 11:21:56.762054843+00:00,3.3657672372222223,0,0.5270619053767513,0.4083003424483556,1,train
SHP-0114,NLRTM-FRPAR,NLRTM,FRPAR,MULTIMODAL,GENERAL,STANDARD,2025-02-17 04:00:00+00:00,2025-02-19 20:00:00+00:00,2025-02-19 19:24:15.860409705+00:00,-0.5955943308333334,0,0.4293889658840297,0.3935131884875681,1,train
SHP-0115,SGSIN-AUSYD,SGSIN,AUSYD,SEA,ELECTRONICS,EXPRESS,2025-02-17 15:00:00+00:00,2025-02-22 11:06:00+00:00,2025-02-22 03:56:24.695648547+00:00,-7.159806764444444,0,0.5771330798552192,0.2156487761873877,1,train
SHP-0116,CNSHA-DEHAM,CNSHA,DEHAM,SEA,GENERAL,STANDARD,2025-02-18 02:00:00+00:00,2025-03-08 13:00:00+00:00,2025-03-08 11:35:06.982809573+00:00,-1.4147269975,0,0.7830292274420817,0.3359603806573121,1,train
SHP-0117,USLAX-USCHI,USLAX,USCHI,ROAD,GENERAL,STANDARD,2025-02-18 10:00:00+00:00,2025-02-21 13:00:00+00:00,2025-02-21 11:14:27.718757969+00:00,-1.7589670119444445,0,0.5066763610810952,0.4437381450525904,1,train
SHP-0118,AEDXB-GBLHR,AEDXB,GBLHR,AIR,ELECTRONICS,STANDARD,2025-02-18 23:00:00+00:00,2025-02-20 08:00:00+00:00,2025-02-20 18:19:28.981047620+00:00,10.3247169575,0,0.6718783393066233,0.460602164451899,1,train
SHP-0119,SGSIN-USLAX,SGSIN,USLAX,MULTIMODAL,FASHION,EXPRESS,2025-02-19 10:00:00+00:00,2025-02-28 12:26:24+00:00,2025-02-28 00:47:49.650587313+00:00,-11.642874836944443,0,0.5870579283999093,0.3321503726206899,1,train
SHP-0120,NLRTM-FRPAR,NLRTM,FRPAR,MULTIMODAL,ELECTRONICS,EXPRESS,2025-02-19 15:00:00+00:00,2025-02-21 22:02:24+00:00,2025-02-21 19:29:51.292750915+00:00,-2.5424186805555555,0,0.4071143251779334,0.5328837257793871,1,train
SHP-0121,SGSIN-AUSYD,SGSIN,AUSYD,SEA,FASHION,STANDARD,2025-02-20 00:00:00+00:00,2025-02-25 15:00:00+00:00,2025-02-25 02:38:16.948014143+00:00,-12.361958885,0,0.4918219137029705,0.3804182720993248,1,train
SHP-0122,CNSHA-DEHAM,CNSHA,DEHAM,SEA,GENERAL,STANDARD,2025-02-20 10:00:00+00:00,2025-03-10 21:00:00+00:00,2025-03-10 19:55:11.547958714+00:00,-1.080125567222222,0,0.6516284873838675,0.228910388944894,1,train
SHP-0123,USLAX-USCHI,USLAX,USCHI,ROAD,ELECTRONICS,EXPRESS,2025-02-20 23:00:00+00:00,2025-02-23 15:30:00+00:00,2025-02-23 14:02:09.211142015+00:00,-1.464108016111111,0,0.4593338610161208,0.0988887327440866,1,train
SHP-0124,AEDXB-GBLHR,AEDXB,GBLHR,AIR,PERISHABLE,STANDARD,2025-02-21 08:00:00+00:00,2025-02-22 17:00:00+00:00,2025-02-23 03:02:55.374928975+00:00,10.048715257777776,0,0.190778573844163,0.1252479488978825,0,train
SHP-0125,SGSIN-USLAX,SGSIN,USLAX,MULTIMODAL,ELECTRONICS,STANDARD,2025-02-21 20:00:00+00:00,2025-03-04 10:00:00+00:00,2025-03-03 20:07:54.787896337+00:00,-13.868114473333334,0,0.4377297515111749,0.3208219402191896,1,train
SHP-0126,NLRTM-FRPAR,NLRTM,FRPAR,MULTIMODAL,GENERAL,STANDARD,2025-02-22 06:00:00+00:00,2025-02-24 22:00:00+00:00,2025-02-24 19:36:15.632814508+00:00,-2.3956575516666665,0,0.6188163956933092,0.206748089842919,1,train
SHP-0127,SGSIN-AUSYD,SGSIN,AUSYD,SEA,ELECTRONICS,STANDARD,2025-02-22 18:00:00+00:00,2025-02-28 09:00:00+00:00,2025-02-28 10:38:59.505515663+00:00,1.6498626430555554,0,0.5172284367140881,0.2037094027826966,1,train
SHP-0128,CNSHA-DEHAM,CNSHA,DEHAM,SEA,ELECTRONICS,STANDARD,2025-02-22 22:00:00+00:00,2025-03-13 09:00:00+00:00,2025-03-13 10:12:07.434443185+00:00,1.2020651230555557,0,0.5841914195095775,0.2576571377217825,1,train
SHP-0129,USLAX-USCHI,USLAX,USCHI,ROAD,GENERAL,STANDARD,2025-02-23 12:00:00+00:00,2025-02-26 15:00:00+00:00,2025-02-26 12:55:11.610246793+00:00,-2.080108265,0,0.534514740368595,0.1569567828689327,1,train
SHP-0130,AEDXB-GBLHR,AEDXB,GBLHR,AIR,FASHION,STANDARD,2025-02-23 21:00:00+00:00,2025-02-25 06:00:00+00:00,2025-02-25 08:28:59.109477568+00:00,2.4830859658333333,0,0.6125518855895786,0.3516228940221229,1,train
SHP-0131,SGSIN-USLAX,SGSIN,USLAX,MULTIMODAL,GENERAL,STANDARD,2025-02-24 09:00:00+00:00,2025-03-06 23:00:00+00:00,2025-03-06 22:17:57.571865425+00:00,-0.7006744819444445,0,0.567845443881801,0.1690105227118802,1,train
SHP-0132,NLRTM-FRPAR,NLRTM,FRPAR,MULTIMODAL,PERISHABLE,STANDARD,2025-02-24 14:00:00+00:00,2025-02-27 06:00:00+00:00,2025-02-27 04:00:55.026474635+00:00,-1.984714868333333,0,0.487141854541074,0.326749948682831,1,train
SHP-0133,SGSIN-AUSYD,SGSIN,AUSYD,SEA,PERISHABLE,STANDARD,2025-02-25 01:00:00+00:00,2025-03-02 16:00:00+00:00,2025-03-02 11:24:05.461217632+00:00,-4.598482995277778,0,0.552008883551873,0.1110027580489963,1,train
SHP-0134,CNSHA-DEHAM,CNSHA,DEHAM,SEA,PERISHABLE,EXPRESS,2025-02-25 11:00:00+00:00,2025-03-13 07:58:48+00:00,2025-03-13 13:37:21.886478057+00:00,5.642746243888889,0,0.5349526823665562,0.2839471681353502,1,train
SHP-0135,USLAX-USCHI,USLAX,USCHI,ROAD,ELECTRONICS,EXPRESS,2025-02-26 00:00:00+00:00,2025-02-28 16:30:00+00:00,2025-02-28 15:23:08.123860955+00:00,-1.114410038888889,0,0.6102190493239228,0.3596128991066698,1,train
SHP-0136,AEDXB-GBLHR,AEDXB,GBLHR,AIR,GENERAL,STANDARD,2025-02-26 09:00:00+00:00,2025-02-27 18:00:00+00:00,2025-02-27 20:51:11.746629561+00:00,2.8532629525,0,0.6990190493096347,0.2925652449668795,1,train
SHP-0137,SGSIN-USLAX,SGSIN,USLAX,MULTIMODAL,ELECTRONICS,EXPRESS,2025-02-26 17:00:00+00:00,2025-03-07 19:26:24+00:00,2025-03-07 15:34:41.267111679+00:00,-3.8618702469444446,0,0.3399912487499018,0.2082287401555888,1,train
SHP-0138,NLRTM-FRPAR,NLRTM,FRPAR,MULTIMODAL,FASHION,STANDARD,2025-02-27 03:00:00+00:00,2025-03-01 19:00:00+00:00,2025-03-02 01:17:36.259121699+00:00,6.293405311388889,0,0.5650884314955671,0.1565226471350677,1,train
SHP-0139,SGSIN-AUSYD,SGSIN,AUSYD,SEA,PERISHABLE,EXPRESS,2025-02-27 14:00:00+00:00,2025-03-04 10:06:00+00:00,2025-03-04 02:22:20.424873178+00:00,-7.7276597575,0,0.4878648789994645,0.2206532442630844,1,train
SHP-0140,CNSHA-DEHAM,CNSHA,DEHAM,SEA,ELECTRONICS,STANDARD,2025-02-28 00:00:00+00:00,2025-03-18 11:00:00+00:00,2025-03-18 02:53:27.017655228+00:00,-8.1091617625,0,0.4689341669124756,0.23221889918072,1,train
SHP-0141,USLAX-USCHI,USLAX,USCHI,ROAD,ELECTRONICS,STANDARD,2025-02-28 08:00:00+00:00,2025-03-03 11:00:00+00:00,2025-03-02 21:28:47.634069213+00:00,-13.5201016475,0,0.4401753627276606,0.1124660414658279,1,train
SHP-0142,AEDXB-GBLHR,AEDXB,GBLHR,AIR,GENERAL,STANDARD,2025-02-28 21:00:00+00:00,2025-03-02 06:00:00+00:00,2025-03-02 07:39:33.817124620+00:00,1.6593936455555556,0,0.5781228887064062,0.2636243726410736,1,train
SHP-0143,SGSIN-USLAX,SGSIN,USLAX,MULTIMODAL,FASHION,STANDARD,2025-03-01 06:00:00+00:00,2025-03-11 20:00:00+00:00,2025-03-13 00:09:43.897837392+00:00,28.16219384361111,1,0.5681373506796432,0.478000659782128,0,train
SHP-0144,NLRTM-FRPAR,NLRTM,FRPAR,MULTIMODAL,PERISHABLE,STANDARD,2025-03-01 20:00:00+00:00,2025-03-04 12:00:00+00:00,2025-03-05 08:05:00.345451349+00:00,20.083429291944444,1,0.4838022811056741,0.2817423191625483,0,train
SHP-0145,SGSIN-AUSYD,SGSIN,AUSYD,SEA,FASHION,STANDARD,2025-03-02 03:00:00+00:00,2025-03-07 18:00:00+00:00,2025-03-07 11:19:26.276615362+00:00,-6.676034273611111,0,0.236857225661503,0.3404365764737556,1,train
SHP-0146,CNSHA-DEHAM,CNSHA,DEHAM,SEA,GENERAL,STANDARD,2025-03-02 14:00:00+00:00,2025-03-21 01:00:00+00:00,2025-03-21 23:28:21.338336930+00:00,22.47259398222222,1,0.7682350408455809,0.285903201174787,0,train
SHP-0147,USLAX-USCHI,USLAX,USCHI,ROAD,PERISHABLE,EXPRESS,2025-03-02 21:00:00+00:00,2025-03-05 13:30:00+00:00,2025-03-05 14:37:57.558606828+00:00,1.1326551683333332,0,0.5118919898410842,0.1526244936001882,1,train
SHP-0148,AEDXB-GBLHR,AEDXB,GBLHR,AIR,GENERAL,STANDARD,2025-03-03 11:00:00+00:00,2025-03-04 20:00:00+00:00,2025-03-05 01:04:47.186450238+00:00,5.07977401388889,0,0.4140625463587952,0.5439213373628878,1,train
SHP-0149,SGSIN-USLAX,SGSIN,USLAX,MULTIMODAL,FASHION,STANDARD,2025-03-03 19:00:00+00:00,2025-03-14 09:00:00+00:00,2025-03-15 00:10:41.124376307+00:00,15.178090104444443,1,0.3956154953697652,0.2599660716506163,0,train
SHP-0150,NLRTM-FRPAR,NLRTM,FRPAR,MULTIMODAL,GENERAL,STANDARD,2025-03-04 06:00:00+00:00,2025-03-06 22:00:00+00:00,2025-03-07 01:20:39.866093479+00:00,3.344407248055556,0,0.3189339398994435,0.1645460448351353,1,train
SHP-0151,SGSIN-AUSYD,SGSIN,AUSYD,SEA,GENERAL,STANDARD,2025-03-04 15:00:00+00:00,2025-03-10 06:00:00+00:00,2025-03-09 10:28:12.884385136+00:00,-19.5297543375,0,0.4991718047258344,0.2883471342388616,1,train
SHP-0152,CNSHA-DEHAM,CNSHA,DEHAM,SEA,GENERAL,EXPRESS,2025-03-05 04:00:00+00:00,2025-03-21 00:58:48+00:00,2025-03-21 08:41:17.905454887+00:00,7.708307070555556,0,0.6596104490044632,0.2898009544199059,1,train
SHP-0153,USLAX-USCHI,USLAX,USCHI,ROAD,GENERAL,STANDARD,2025-03-05 12:00:00+00:00,2025-03-08 15:00:00+00:00,2025-03-08 17:50:23.755331159+00:00,2.839932036388889,0,0.549177998690819,0.1588391442539123,1,train
SHP-0154,AEDXB-GBLHR,AEDXB,GBLHR,AIR,ELECTRONICS,STANDARD,2025-03-05 22:00:00+00:00,2025-03-07 07:00:00+00:00,2025-03-06 16:39:30.307248963+00:00,-14.34158132,0,0.5964127314867883,0.208573706305156,1,train
SHP-0155,SGSIN-USLAX,SGSIN,USLAX,MULTIMODAL,GENERAL,STANDARD,2025-03-06 10:00:00+00:00,2025-03-17 00:00:00+00:00,2025-03-17 00:52:11.793899069+00:00,0.8699427497222222,0,0.4676761680707136,0.1998159471582926,1,train
SHP-0156,NLRTM-FRPAR,NLRTM,FRPAR,MULTIMODAL,GENERAL,EXPRESS,2025-03-06 16:00:00+00:00,2025-03-08 23:02:24+00:00,2025-03-08 18:01:06.525821955+00:00,-5.021520605277778,0,0.4651190528137285,0.4817116193214033,1,train
SHP-0157,SGSIN-AUSYD,SGSIN,AUSYD,SEA,GENERAL,STANDARD,2025-03-07 04:00:00+00:00,2025-03-12 19:00:00+00:00,2025-03-13 22:47:55.093729223+00:00,27.798637146944444,1,0.5118346040153738,0.5861447779755486,0,train
SHP-0158,CNSHA-DEHAM,CNSHA,DEHAM,SEA,FASHION,STANDARD,2025-03-07 12:00:00+00:00,2025-03-25 23:00:00+00:00,2025-03-25 23:14:05.361948439+00:00,0.2348227633333333,0,0.5119162003523848,0.2257820981645883,1,train
SHP-0159,USLAX-USCHI,USLAX,USCHI,ROAD,GENERAL,STANDARD,2025-03-07 20:00:00+00:00,2025-03-10 23:00:00+00:00,2025-03-11 22:07:38.553284527+00:00,23.12737591222222,1,0.6695869106283532,0.1417024842764464,0,train
SHP-0160,AEDXB-GBLHR,AEDXB,GBLHR,AIR,FASHION,EXPRESS,2025-03-08 10:00:00+00:00,2025-03-09 14:22:48+00:00,2025-03-09 07:31:28.760376276+00:00,-6.85534434,0,0.4032050728793079,0.2034956261429069,1,train
SHP-0161,SGSIN-USLAX,SGSIN,USLAX,MULTIMODAL,GENERAL,EXPRESS,2025-03-08 17:00:00+00:00,2025-03-17 19:26:24+00:00,2025-03-17 09:44:07.285328127+00:00,-9.704642964444446,0,0.3682004767261206,0.2199305649242834,1,train
SHP-0162,NLRTM-FRPAR,NLRTM,FRPAR,MULTIMODAL,FASHION,STANDARD,2025-03-09 08:00:00+00:00,2025-03-12 00:00:00+00:00,2025-03-11 10:08:53.809344585+00:00,-13.851719626666666,0,0.3608618086506114,0.1417151694313528,1,train
SHP-0163,SGSIN-AUSYD,SGSIN,AUSYD,SEA,GENERAL,STANDARD,2025-03-09 15:00:00+00:00,2025-03-15 06:00:00+00:00,2025-03-14 20:36:16.753364633+00:00,-9.395346287777778,0,0.2392759495154735,0.5591262798101471,1,train
SHP-0164,CNSHA-DEHAM,CNSHA,DEHAM,SEA,PERISHABLE,STANDARD,2025-03-10 00:00:00+00:00,2025-03-28 11:00:00+00:00,2025-03-28 16:01:42.443769646+00:00,5.0284566025,0,0.6149447787625444,0.4368757680032006,1,train
SHP-0165,USLAX-USCHI,USLAX,USCHI,ROAD,GENERAL,STANDARD,2025-03-10 11:00:00+00:00,2025-03-13 14:00:00+00:00,2025-03-13 12:17:18.135584213+00:00,-1.7116290044444444,0,0.6403292207879477,0.2482318377719444,1,train
SHP-0166,AEDXB-GBLHR,AEDXB,GBLHR,AIR,GENERAL,STANDARD,2025-03-10 21:00:00+00:00,2025-03-12 06:00:00+00:00,2025-03-11 20:56:16.667338710+00:00,-9.062036850555556,0,0.443381374212508,0.2112697516055955,1,train
SHP-0167,SGSIN-USLAX,SGSIN,USLAX,MULTIMODAL,PERISHABLE,EXPRESS,2025-03-11 10:00:00+00:00,2025-03-20 12:26:24+00:00,2025-03-20 05:41:51.338413799+00:00,-6.7424059963888885,0,0.2778563380276718,0.133453476897126,1,train
SHP-0168,NLRTM-FRPAR,NLRTM,FRPAR,MULTIMODAL,GENERAL,STANDARD,2025-03-11 19:00:00+00:00,2025-03-14 11:00:00+00:00,2025-03-14 17:19:47.914994679+00:00,6.329976387222222,0,0.2924518721104368,0.3983098502909982,1,train
SHP-0169,SGSIN-AUSYD,SGSIN,AUSYD,SEA,GENERAL,STANDARD,2025-03-12 04:00:00+00:00,2025-03-17 19:00:00+00:00,2025-03-18 09:16:28.684059796+00:00,14.274634460833331,1,0.5503817597893228,0.1753053358228349,0,train
SHP-0170,CNSHA-DEHAM,CNSHA,DEHAM,SEA,FASHION,STANDARD,2025-03-12 15:00:00+00:00,2025-03-31 02:00:00+00:00,2025-03-30 19:39:12.697920808+00:00,-6.346472800000001,0,0.5342536607003076,0.2601045749096738,1,train
SHP-0171,USLAX-USCHI,USLAX,USCHI,ROAD,PERISHABLE,STANDARD,2025-03-13 01:00:00+00:00,2025-03-16 04:00:00+00:00,2025-03-15 04:59:37.596829365+00:00,-23.006223103055557,0,0.332249232446296,0.2237093834923721,1,train
SHP-0172,AEDXB-GBLHR,AEDXB,GBLHR,AIR,ELECTRONICS,STANDARD,2025-03-13 06:00:00+00:00,2025-03-14 15:00:00+00:00,2025-03-15 22:17:50.627759540+00:00,31.29739659972222,1,0.6963210735222536,0.2899792257247598,0,train
SHP-0173,SGSIN-USLAX,SGSIN,USLAX,MULTIMODAL,FASHION,STANDARD,2025-03-13 20:00:00+00:00,2025-03-24 10:00:00+00:00,2025-03-23 23:45:29.849767166+00:00,-10.241708398055556,0,0.240449687575824,0.1671746896677987,1,train
SHP-0174,NLRTM-FRPAR,NLRTM,FRPAR,MULTIMODAL,GENERAL,EXPRESS,2025-03-14 04:00:00+00:00,2025-03-16 11:02:24+00:00,2025-03-16 03:45:04.527952066+00:00,-7.288742235555556,0,0.4168917280847134,0.145690740572096,1,train
SHP-0175,SGSIN-AUSYD,SGSIN,AUSYD,SEA,ELECTRONICS,STANDARD,2025-03-14 12:00:00+00:00,2025-03-20 03:00:00+00:00,2025-03-20 09:09:35.219750030+00:00,6.1597832638888885,0,0.3573915912683886,0.313907245377888,1,train
SHP-0176,CNSHA-DEHAM,CNSHA,DEHAM,SEA,GENERAL,EXPRESS,2025-03-14 23:00:00+00:00,2025-03-30 19:58:48+00:00,2025-03-30 22:10:09.021236912+00:00,2.1891725655555554,0,0.5178357868686363,0.311326847854282,1,train
SHP-0177,USLAX-USCHI,USLAX,USCHI,ROAD,GENERAL,STANDARD,2025-03-15 10:00:00+00:00,2025-03-18 13:00:00+00:00,2025-03-18 12:43:57.128525483+00:00,-0.2674642986111111,0,0.4905576369930178,0.08860666569124,1,train
SHP-0178,AEDXB-GBLHR,AEDXB,GBLHR,AIR,FASHION,STANDARD,2025-03-16 00:00:00+00:00,2025-03-17 09:00:00+00:00,2025-03-17 04:01:09.571774948+00:00,-4.980674507222222,0,0.3408148935606196,0.1274494166206457,1,train
SHP-0179,SGSIN-USLAX,SGSIN,USLAX,MULTIMODAL,GENERAL,STANDARD,2025-03-16 04:00:00+00:00,2025-03-26 18:00:00+00:00,2025-03-26 20:43:56.542150318+00:00,2.732372819444444,0,0.2503772067106624,0.3875038298018924,1,train
SHP-0180,NLRTM-FRPAR,NLRTM,FRPAR,MULTIMODAL,FASHION,EXPRESS,2025-03-16 16:00:00+00:00,2025-03-18 23:02:24+00:00,2025-03-19 05:31:47.902458966+00:00,6.489972905,0,0.4868753042899113,0.3356727841972853,1,train
SHP-0181,SGSIN-AUSYD,SGSIN,AUSYD,SEA,PERISHABLE,EXPRESS,2025-03-17 02:00:00+00:00,2025-03-21 22:06:00+00:00,2025-03-21 22:47:16.789964979+00:00,0.6879972122222222,0,0.3817802054191508,0.2756092618775692,1,train
SHP-0182,CNSHA-DEHAM,CNSHA,DEHAM,SEA,ELECTRONICS,STANDARD,2025-03-17 11:00:00+00:00,2025-04-04 22:00:00+00:00,2025-04-05 00:28:50.550303675+00:00,2.4807084175,0,0.2585821842421704,0.3447290199995714,1,train
SHP-0183,USLAX-USCHI,USLAX,USCHI,ROAD,GENERAL,STANDARD,2025-03-18 02:00:00+00:00,2025-03-21 05:00:00+00:00,2025-03-20 13:01:38.638084599+00:00,-15.972600532222224,0,0.3012621438723131,0.2343695278574669,1,train
SHP-0184,AEDXB-GBLHR,AEDXB,GBLHR,AIR,PERISHABLE,STANDARD,2025-03-18 11:00:00+00:00,2025-03-19 20:00:00+00:00,2025-03-20 17:13:52.094757932+00:00,21.2311374325,1,0.3689225167545517,0.4100875588725174,0,train
SHP-0185,SGSIN-USLAX,SGSIN,USLAX,MULTIMODAL,GENERAL,STANDARD,2025-03-18 18:00:00+00:00,2025-03-29 08:00:00+00:00,2025-03-29 14:54:35.953972410+00:00,6.9099872144444445,0,0.7197296431633082,0.5178410225578411,1,train
SHP-0186,NLRTM-FRPAR,NLRTM,FRPAR,MULTIMODAL,GENERAL,EXPRESS,2025-03-19 08:00:00+00:00,2025-03-21 15:02:24+00:00,2025-03-21 23:50:30.093803634+00:00,8.801692723055556,0,0.2972207193337198,0.2745036934102611,1,train
SHP-0187,SGSIN-AUSYD,SGSIN,AUSYD,SEA,GENERAL,STANDARD,2025-03-19 13:00:00+00:00,2025-03-25 04:00:00+00:00,2025-03-25 03:54:18.412343352+00:00,-0.0948854602777777,0,0.6256525657827793,0.5122406327988229,1,train
SHP-0188,CNSHA-DEHAM,CNSHA,DEHAM,SEA,GENERAL,STANDARD,2025-03-20 02:00:00+00:00,2025-04-07 13:00:00+00:00,2025-04-07 08:24:06.001898684+00:00,-4.598332806111111,0,0.5326778885279044,0.2268388030726277,1,train
SHP-0189,USLAX-USCHI,USLAX,USCHI,ROAD,GENERAL,STANDARD,2025-03-20 09:00:00+00:00,2025-03-23 12:00:00+00:00,2025-03-22 20:06:38.012122599+00:00,-15.889441077222225,0,0.2562211522819779,0.2802943190664842,1,train
SHP-0190,AEDXB-GBLHR,AEDXB,GBLHR,AIR,FASHION,STANDARD,2025-03-20 20:00:00+00:00,2025-03-22 05:00:00+00:00,2025-03-21 22:38:59.309276200+00:00,-6.350191867777778,0,0.4930529181153453,0.215053289757202,1,train
SHP-0191,SGSIN-USLAX,SGSIN,USLAX,MULTIMODAL,PERISHABLE,STANDARD,2025-03-21 10:00:00+00:00,2025-04-01 00:00:00+00:00,2025-03-31 14:49:57.390822606+00:00,-9.167391438333333,0,0.3228015225949964,0.3223183068927316,1,train
SHP-0192,NLRTM-FRPAR,NLRTM,FRPAR,MULTIMODAL,PERISHABLE,STANDARD,2025-03-21 17:00:00+00:00,2025-03-24 09:00:00+00:00,2025-03-24 00:35:09.915470833+00:00,-8.413912369444445,0,0.4281092104408207,0.1175275474372219,1,train
SHP-0193,SGSIN-AUSYD,SGSIN,AUSYD,SEA,GENERAL,EXPRESS,2025-03-22 06:00:00+00:00,2025-03-27 02:06:00+00:00,2025-03-27 09:07:01.040643993+00:00,7.016955734166666,0,0.5912979934478784,0.1184148562636281,1,train
SHP-0194,CNSHA-DEHAM,CNSHA,DEHAM,SEA,GENERAL,STANDARD,2025-03-22 13:00:00+00:00,2025-04-10 00:00:00+00:00,2025-04-10 00:32:24.253576746+00:00,0.5400704377777777,0,0.3765584111152501,0.3645462272115199,1,train
SHP-0195,USLAX-USCHI,USLAX,USCHI,ROAD,ELECTRONICS,STANDARD,2025-03-22 20:00:00+00:00,2025-03-25 23:00:00+00:00,2025-03-26 05:37:38.323845566+00:00,6.627312179166666,0,0.5167550647380559,0.089918870964334,1,train
SHP-0196,AEDXB-GBLHR,AEDXB,GBLHR,AIR,FASHION,STANDARD,2025-03-23 06:00:00+00:00,2025-03-24 15:00:00+00:00,2025-03-24 11:23:26.727282309+00:00,-3.6092424216666665,0,0.6217032486709463,0.3127810999900422,1,train
SHP-0197,SGSIN-USLAX,SGSIN,USLAX,MULTIMODAL,FASHION,EXPRESS,2025-03-23 22:00:00+00:00,2025-04-02 00:26:24+00:00,2025-04-02 12:52:57.822084141+00:00,12.442728356666668,1,0.4778475805002398,0.2115274064357579,0,train
SHP-0198,NLRTM-FRPAR,NLRTM,FRPAR,MULTIMODAL,GENERAL,STANDARD,2025-03-24 05:00:00+00:00,2025-03-26 21:00:00+00:00,2025-03-26 20:27:30.858570743+00:00,-0.541428175,0,0.698769315378885,0.2199322731626813,1,train
SHP-0199,SGSIN-AUSYD,SGSIN,AUSYD,SEA,FASHION,STANDARD,2025-03-24 17:00:00+00:00,2025-03-30 08:00:00+00:00,2025-03-30 05:45:00.097279146+00:00,-2.249972978055556,0,0.3835166372840466,0.2441525083710463,1,train
SHP-0200,CNSHA-DEHAM,CNSHA,DEHAM,SEA,PERISHABLE,EXPRESS,2025-03-24 23:00:00+00:00,2025-04-09 19:58:48+00:00,2025-04-10 03:34:37.058017787+00:00,7.596960560277777,0,0.4954493450310704,0.1818820447704457,1,train
SHP-0201,USLAX-USCHI,USLAX,USCHI,ROAD,GENERAL,STANDARD,2025-03-25 13:00:00+00:00,2025-03-28 16:00:00+00:00,2025-03-28 17:54:41.538165985+00:00,1.9115383791666667,0,0.6421050496648397,0.4208000121127101,1,train
SHP-0202,AEDXB-GBLHR,AEDXB,GBLHR,AIR,FASHION,EXPRESS,2025-03-25 18:00:00+00:00,2025-03-26 22:22:48+00:00,2025-03-26 22:57:53.240167857+00:00,0.5847889352777778,0,0.563687704947871,0.3141953868082068,1,train
SHP-0203,SGSIN-USLAX,SGSIN,USLAX,MULTIMODAL,ELECTRONICS,STANDARD,2025-03-26 10:00:00+00:00,2025-04-06 00:00:00+00:00,2025-04-05 12:48:27.392992672+00:00,-11.192390835555557,0,0.3121028545066835,0.23038860476009,1,train
SHP-0204,NLRTM-FRPAR,NLRTM,FRPAR,MULTIMODAL,PERISHABLE,STANDARD,2025-03-26 14:00:00+00:00,2025-03-29 06:00:00+00:00,2025-03-29 07:58:16.273615408+00:00,1.9711871152777776,0,0.2802517232135667,0.2095352303794654,1,train
SHP-0205,SGSIN-AUSYD,SGSIN,AUSYD,SEA,GENERAL,STANDARD,2025-03-27 02:00:00+00:00,2025-04-01 17:00:00+00:00,2025-04-02 09:39:37.865149951+00:00,16.660518096944443,1,0.5683020517697132,0.1551988340312124,0,train
SHP-0206,CNSHA-DEHAM,CNSHA,DEHAM,SEA,GENERAL,EXPRESS,2025-03-27 11:00:00+00:00,2025-04-12 07:58:48+00:00,2025-04-12 14:08:56.887569664+00:00,6.169135435833333,0,0.8087922470603247,0.351714173051442,1,train
SHP-0207,USLAX-USCHI,USLAX,USCHI,ROAD,GENERAL,STANDARD,2025-03-28 01:00:00+00:00,2025-03-31 04:00:00+00:00,2025-04-01 05:03:30.705112373+00:00,25.058529197777776,1,0.6421060459367499,0.252228488200076,0,train
SHP-0208,AEDXB-GBLHR,AEDXB,GBLHR,AIR,GENERAL,STANDARD,2025-03-28 11:00:00+00:00,2025-03-29 20:00:00+00:00,2025-03-29 14:29:22.196967484+00:00,-5.5105008425,0,0.2314765767931731,0.3329031269593894,1,train
SHP-0209,SGSIN-USLAX,SGSIN,USLAX,MULTIMODAL,GENERAL,STANDARD,2025-03-28 22:00:00+00:00,2025-04-08 12:00:00+00:00,2025-04-08 03:15:58.352643281+00:00,-8.7337909325,0,0.3076840887060755,0.3839719203180826,1,train
SHP-0210,NLRTM-FRPAR,NLRTM,FRPAR,MULTIMODAL,GENERAL,STANDARD,2025-03-29 08:00:00+00:00,2025-04-01 00:00:00+00:00,2025-04-01 00:06:24.720760460+00:00,0.1068668777777777,0,0.3360286871904073,0.4660274367583118,1,train
SHP-0211,SGSIN-AUSYD,SGSIN,AUSYD,SEA,GENERAL,EXPRESS,2025-03-29 18:00:00+00:00,2025-04-03 14:06:00+00:00,2025-04-05 01:36:58.528820156+00:00,35.51625800555556,1,0.6583867395495504,0.3577483703947424,0,validation
SHP-0212,CNSHA-DEHAM,CNSHA,DEHAM,SEA,GENERAL,STANDARD,2025-03-30 00:00:00+00:00,2025-04-17 11:00:00+00:00,2025-04-18 06:26:34.295184995+00:00,19.442859773333332,1,0.521337847991272,0.2795686915066129,0,validation
SHP-0213,USLAX-USCHI,USLAX,USCHI,ROAD,PERISHABLE,STANDARD,2025-03-30 13:00:00+00:00,2025-04-02 16:00:00+00:00,2025-04-02 02:53:24.231077832+00:00,-13.109935811944446,0,0.3620330661487861,0.182556710544341,1,validation
SHP-0214,AEDXB-GBLHR,AEDXB,GBLHR,AIR,GENERAL,STANDARD,2025-03-31 00:00:00+00:00,2025-04-01 09:00:00+00:00,2025-03-31 20:31:00.100502585+00:00,-12.483305416111111,0,0.1587913879606177,0.2622925715577879,1,validation
SHP-0215,SGSIN-USLAX,SGSIN,USLAX,MULTIMODAL,GENERAL,STANDARD,2025-03-31 09:00:00+00:00,2025-04-10 23:00:00+00:00,2025-04-11 22:43:38.456329605+00:00,23.72734898027777,1,0.5721233929265468,0.2062973515059653,0,validation
SHP-0216,NLRTM-FRPAR,NLRTM,FRPAR,MULTIMODAL,ELECTRONICS,EXPRESS,2025-03-31 19:00:00+00:00,2025-04-03 02:02:24+00:00,2025-04-04 09:29:49.442086848+00:00,31.45706724611111,1,0.7453125219786116,0.1460435804439155,0,validation
SHP-0217,SGSIN-AUSYD,SGSIN,AUSYD,SEA,FASHION,EXPRESS,2025-04-01 04:00:00+00:00,2025-04-06 00:06:00+00:00,2025-04-07 08:02:39.747038487+00:00,31.944374177222222,1,0.5490645831087798,0.2194672919743934,0,validation
SHP-0218,CNSHA-DEHAM,CNSHA,DEHAM,SEA,GENERAL,EXPRESS,2025-04-01 10:00:00+00:00,2025-04-17 06:58:48+00:00,2025-04-16 22:54:30.297155942+00:00,-8.07158412361111,0,0.3642157777627389,0.2351876789882554,1,validation
SHP-0219,USLAX-USCHI,USLAX,USCHI,ROAD,GENERAL,STANDARD,2025-04-02 02:00:00+00:00,2025-04-05 05:00:00+00:00,2025-04-04 22:11:29.397699470+00:00,-6.808500639166667,0,0.412643199745239,0.2456975633888395,1,validation
SHP-0220,AEDXB-GBLHR,AEDXB,GBLHR,AIR,GENERAL,STANDARD,2025-04-02 12:00:00+00:00,2025-04-03 21:00:00+00:00,2025-04-03 01:17:29.189003650+00:00,-19.708558610277777,0,0.3401305010220058,0.2271803775822394,1,validation
SHP-0221,SGSIN-USLAX,SGSIN,USLAX,MULTIMODAL,PERISHABLE,STANDARD,2025-04-02 21:00:00+00:00,2025-04-13 11:00:00+00:00,2025-04-13 06:03:58.477746466+00:00,-4.933756181666666,0,0.437911313231327,0.3064440584152265,1,validation
SHP-0222,NLRTM-FRPAR,NLRTM,FRPAR,MULTIMODAL,GENERAL,STANDARD,2025-04-03 04:00:00+00:00,2025-04-05 20:00:00+00:00,2025-04-05 19:55:39.497318640+00:00,-0.0723618561111111,0,0.449396609865281,0.4631089742155131,1,validation
SHP-0223,SGSIN-AUSYD,SGSIN,AUSYD,SEA,ELECTRONICS,STANDARD,2025-04-03 18:00:00+00:00,2025-04-09 09:00:00+00:00,2025-04-09 23:19:59.765379646+00:00,14.333268160833333,1,0.7799054454875038,0.2905195946192872,1,validation
SHP-0224,CNSHA-DEHAM,CNSHA,DEHAM,SEA,GENERAL,STANDARD,2025-04-03 22:00:00+00:00,2025-04-22 09:00:00+00:00,2025-04-22 12:59:15.146923184+00:00,3.9875408119444447,0,0.7363775875970279,0.4350995393104241,1,validation
SHP-0225,USLAX-USCHI,USLAX,USCHI,ROAD,FASHION,STANDARD,2025-04-04 08:00:00+00:00,2025-04-07 11:00:00+00:00,2025-04-07 11:46:36.763823058+00:00,0.7768788397222222,0,0.5385555029799544,0.3247937855212695,1,validation
SHP-0226,AEDXB-GBLHR,AEDXB,GBLHR,AIR,ELECTRONICS,STANDARD,2025-04-04 23:00:00+00:00,2025-04-06 08:00:00+00:00,2025-04-06 23:20:25.212537450+00:00,15.340336815833334,1,0.3078239135793526,0.1201088995078018,0,validation
SHP-0227,SGSIN-USLAX,SGSIN,USLAX,MULTIMODAL,ELECTRONICS,STANDARD,2025-04-05 06:00:00+00:00,2025-04-15 20:00:00+00:00,2025-04-15 21:05:24.769517800+00:00,1.0902137547222224,0,0.4180197569929997,0.3013668874487393,1,validation
SHP-0228,NLRTM-FRPAR,NLRTM,FRPAR,MULTIMODAL,GENERAL,EXPRESS,2025-04-05 15:00:00+00:00,2025-04-07 22:02:24+00:00,2025-04-07 10:34:09.452971213+00:00,-11.470707508055556,0,0.5095013753732872,0.1625832290925923,1,validation
SHP-0229,SGSIN-AUSYD,SGSIN,AUSYD,SEA,GENERAL,STANDARD,2025-04-06 02:00:00+00:00,2025-04-11 17:00:00+00:00,2025-04-11 11:23:54.999606624+00:00,-5.601388998333333,0,0.6613917626461975,0.3807981084198866,1,validation
SHP-0230,CNSHA-DEHAM,CNSHA,DEHAM,SEA,GENERAL,EXPRESS,2025-04-06 12:00:00+00:00,2025-04-22 08:58:48+00:00,2025-04-22 13:41:01.647527027+00:00,4.703790979722222,0,0.6032753228151668,0.2580692312767941,1,validation
SHP-0231,USLAX-USCHI,USLAX,USCHI,ROAD,GENERAL,STANDARD,2025-04-06 22:00:00+00:00,2025-04-10 01:00:00+00:00,2025-04-10 04:31:55.861238491+00:00,3.532183677222222,0,0.2164090998533998,0.3629918020448465,1,validation
SHP-0232,AEDXB-GBLHR,AEDXB,GBLHR,AIR,FASHION,EXPRESS,2025-04-07 10:00:00+00:00,2025-04-08 14:22:48+00:00,2025-04-08 21:59:10.999067870+00:00,7.606388629722223,0,0.2424402935097016,0.4750866944265242,1,validation
SHP-0233,SGSIN-USLAX,SGSIN,USLAX,MULTIMODAL,PERISHABLE,STANDARD,2025-04-07 21:00:00+00:00,2025-04-18 11:00:00+00:00,2025-04-18 04:40:56.250951396+00:00,-6.317708069166666,0,0.3289617449147215,0.2154173609861587,1,validation
SHP-0234,NLRTM-FRPAR,NLRTM,FRPAR,MULTIMODAL,PERISHABLE,EXPRESS,2025-04-08 02:00:00+00:00,2025-04-10 09:02:24+00:00,2025-04-10 05:33:22.659655826+00:00,-3.483705651388889,0,0.5833449311098804,0.1971897261629823,1,validation
SHP-0235,SGSIN-AUSYD,SGSIN,AUSYD,SEA,GENERAL,EXPRESS,2025-04-08 15:00:00+00:00,2025-04-13 11:06:00+00:00,2025-04-13 12:41:32.247601100+00:00,1.5922910002777777,0,0.5297155840313758,0.4290862554691758,1,validation
SHP-0236,CNSHA-DEHAM,CNSHA,DEHAM,SEA,GENERAL,EXPRESS,2025-04-09 02:00:00+00:00,2025-04-24 22:58:48+00:00,2025-04-24 14:37:46.489895043+00:00,-8.350419473611112,0,0.4408714474742934,0.3107715192469125,1,validation
SHP-0237,USLAX-USCHI,USLAX,USCHI,ROAD,ELECTRONICS,STANDARD,2025-04-09 10:00:00+00:00,2025-04-12 13:00:00+00:00,2025-04-12 10:33:36.385262028+00:00,-2.4398929827777778,0,0.3808510202134638,0.2578360399258435,1,validation
SHP-0238,AEDXB-GBLHR,AEDXB,GBLHR,AIR,PERISHABLE,STANDARD,2025-04-09 20:00:00+00:00,2025-04-11 05:00:00+00:00,2025-04-11 14:12:00.070954761+00:00,9.200019709444446,0,0.507609591012258,0.1830349253488597,1,validation
SHP-0239,SGSIN-USLAX,SGSIN,USLAX,MULTIMODAL,ELECTRONICS,STANDARD,2025-04-10 06:00:00+00:00,2025-04-20 20:00:00+00:00,2025-04-21 15:48:04.699504586+00:00,19.80130541777778,1,0.5303990713918807,0.4127922471442766,0,validation
SHP-0240,NLRTM-FRPAR,NLRTM,FRPAR,MULTIMODAL,PERISHABLE,STANDARD,2025-04-10 19:00:00+00:00,2025-04-13 11:00:00+00:00,2025-04-13 11:17:31.228813050+00:00,0.2920080036111111,0,0.4894123670427767,0.210185177634233,1,validation
SHP-0241,SGSIN-AUSYD,SGSIN,AUSYD,SEA,GENERAL,STANDARD,2025-04-11 00:00:00+00:00,2025-04-16 15:00:00+00:00,2025-04-17 14:35:34.939732297+00:00,23.593038814444444,1,0.5716172152886975,0.3591841816457474,0,validation
SHP-0242,CNSHA-DEHAM,CNSHA,DEHAM,SEA,ELECTRONICS,EXPRESS,2025-04-11 15:00:00+00:00,2025-04-27 11:58:48+00:00,2025-04-28 10:52:27.730447718+00:00,22.89436956861111,1,0.4843236748791517,0.2289425136792093,0,validation
SHP-0243,USLAX-USCHI,USLAX,USCHI,ROAD,FASHION,STANDARD,2025-04-11 23:00:00+00:00,2025-04-15 02:00:00+00:00,2025-04-15 04:27:10.070722951+00:00,2.452797422777778,0,0.4000575046312331,0.283236168606411,1,validation
SHP-0244,AEDXB-GBLHR,AEDXB,GBLHR,AIR,FASHION,STANDARD,2025-04-12 12:00:00+00:00,2025-04-13 21:00:00+00:00,2025-04-13 09:05:39.758886575+00:00,-11.905622531666666,0,0.4131570390970142,0.1752570670214083,1,validation
SHP-0245,SGSIN-USLAX,SGSIN,USLAX,MULTIMODAL,GENERAL,STANDARD,2025-04-12 18:00:00+00:00,2025-04-23 08:00:00+00:00,2025-04-23 20:12:42.118956452+00:00,12.21169971,1,0.5722314881399593,0.1653290625530807,1,validation
SHP-0246,NLRTM-FRPAR,NLRTM,FRPAR,MULTIMODAL,GENERAL,STANDARD,2025-04-13 06:00:00+00:00,2025-04-15 22:00:00+00:00,2025-04-15 15:43:19.248728999+00:00,-6.277986464444445,0,0.3888629567510056,0.1675426882107528,1,validation
SHP-0247,SGSIN-AUSYD,SGSIN,AUSYD,SEA,PERISHABLE,EXPRESS,2025-04-13 17:00:00+00:00,2025-04-18 13:06:00+00:00,2025-04-19 12:35:12.932999062+00:00,23.486925833055555,1,0.7227950713855597,0.2162430951254005,0,validation
SHP-0248,CNSHA-DEHAM,CNSHA,DEHAM,SEA,GENERAL,STANDARD,2025-04-14 04:00:00+00:00,2025-05-02 15:00:00+00:00,2025-05-02 07:05:30.944286109+00:00,-7.908071031666666,0,0.3457306773411924,0.345161477217662,1,validation
SHP-0249,USLAX-USCHI,USLAX,USCHI,ROAD,FASHION,STANDARD,2025-04-14 11:00:00+00:00,2025-04-17 14:00:00+00:00,2025-04-18 08:55:11.393306812+00:00,18.919831473888888,1,0.646473195562596,0.3184746111003462,0,validation
SHP-0250,AEDXB-GBLHR,AEDXB,GBLHR,AIR,PERISHABLE,STANDARD,2025-04-14 22:00:00+00:00,2025-04-16 07:00:00+00:00,2025-04-16 02:07:39.479441851+00:00,-4.8723668219444445,0,0.4704174984818488,0.2245157327905978,1,validation
SHP-0251,SGSIN-USLAX,SGSIN,USLAX,MULTIMODAL,FASHION,EXPRESS,2025-04-15 08:00:00+00:00,2025-04-24 10:26:24+00:00,2025-04-24 16:48:20.051188722+00:00,6.365569774444444,0,0.4208874058337042,0.331781466128441,1,validation
SHP-0252,NLRTM-FRPAR,NLRTM,FRPAR,MULTIMODAL,ELECTRONICS,STANDARD,2025-04-15 16:00:00+00:00,2025-04-18 08:00:00+00:00,2025-04-18 07:03:08.508515091+00:00,-0.9476365236111112,0,0.6331269934735225,0.3513390290387876,1,validation
SHP-0253,SGSIN-AUSYD,SGSIN,AUSYD,SEA,ELECTRONICS,STANDARD,2025-04-16 00:00:00+00:00,2025-04-21 15:00:00+00:00,2025-04-22 00:57:05.727216737+00:00,9.951590893333334,0,0.6755086736521667,0.328714405841138,1,validation
SHP-0254,CNSHA-DEHAM,CNSHA,DEHAM,SEA,GENERAL,STANDARD,2025-04-16 10:00:00+00:00,2025-05-04 21:00:00+00:00,2025-05-06 09:35:50.230803156+00:00,36.59728633416667,1,0.707971727293695,0.2771986684925527,0,validation
SHP-0255,USLAX-USCHI,USLAX,USCHI,ROAD,ELECTRONICS,EXPRESS,2025-04-16 23:00:00+00:00,2025-04-19 15:30:00+00:00,2025-04-19 09:43:39.542927192+00:00,-5.772349186944445,0,0.5706346390116777,0.2473240044529366,1,validation
SHP-0256,AEDXB-GBLHR,AEDXB,GBLHR,AIR,GENERAL,STANDARD,2025-04-17 12:00:00+00:00,2025-04-18 21:00:00+00:00,2025-04-19 01:41:22.212672179+00:00,4.689503520000001,0,0.627639541278745,0.2749209552199152,1,test
SHP-0257,SGSIN-USLAX,SGSIN,USLAX,MULTIMODAL,FASHION,STANDARD,2025-04-17 17:00:00+00:00,2025-04-28 07:00:00+00:00,2025-04-28 10:31:45.287273626+00:00,3.529246464722222,0,0.5738258905228071,0.2886863007623892,1,test
SHP-0258,NLRTM-FRPAR,NLRTM,FRPAR,MULTIMODAL,GENERAL,STANDARD,2025-04-18 04:00:00+00:00,2025-04-20 20:00:00+00:00,2025-04-20 02:44:56.152209259+00:00,-17.251068830833333,0,0.5804580318905102,0.3904562947749214,1,test
SHP-0259,SGSIN-AUSYD,SGSIN,AUSYD,SEA,ELECTRONICS,STANDARD,2025-04-18 18:00:00+00:00,2025-04-24 09:00:00+00:00,2025-04-24 04:47:05.472235291+00:00,-4.215146601388889,0,0.363747997371011,0.2694366002694363,1,test
SHP-0260,CNSHA-DEHAM,CNSHA,DEHAM,SEA,GENERAL,EXPRESS,2025-04-19 02:00:00+00:00,2025-05-04 22:58:48+00:00,2025-05-04 17:41:02.581117857+00:00,-5.295949689722222,0,0.5863774463952784,0.2573018705060801,1,test
SHP-0261,USLAX-USCHI,USLAX,USCHI,ROAD,FASHION,STANDARD,2025-04-19 13:00:00+00:00,2025-04-22 16:00:00+00:00,2025-04-22 03:21:02.039238+00:00,-12.649433545,0,0.2517474013821069,0.4391485822948084,1,test
SHP-0262,AEDXB-GBLHR,AEDXB,GBLHR,AIR,PERISHABLE,STANDARD,2025-04-19 19:00:00+00:00,2025-04-21 04:00:00+00:00,2025-04-21 05:16:17.704439065+00:00,1.271584566388889,0,0.5623454061894326,0.3050885256034635,1,test
SHP-0263,SGSIN-USLAX,SGSIN,USLAX,MULTIMODAL,ELECTRONICS,STANDARD,2025-04-20 09:00:00+00:00,2025-04-30 23:00:00+00:00,2025-05-02 18:43:28.340199844+00:00,43.72453894416667,1,0.7347178280277264,0.4276775968839919,0,test
SHP-0264,NLRTM-FRPAR,NLRTM,FRPAR,MULTIMODAL,GENERAL,STANDARD,2025-04-20 14:00:00+00:00,2025-04-23 06:00:00+00:00,2025-04-23 02:34:43.330297431+00:00,-3.4212971397222223,0,0.2662308697496418,0.1788198438309917,1,test
SHP-0265,SGSIN-AUSYD,SGSIN,AUSYD,SEA,GENERAL,STANDARD,2025-04-21 04:00:00+00:00,2025-04-26 19:00:00+00:00,2025-04-26 22:08:44.618816113+00:00,3.145727448888889,0,0.5015594668104932,0.3158012524878483,1,test
SHP-0266,CNSHA-DEHAM,CNSHA,DEHAM,SEA,PERISHABLE,STANDARD,2025-04-21 12:00:00+00:00,2025-05-09 23:00:00+00:00,2025-05-11 09:10:57.522908122+00:00,34.18264525222222,1,0.6284851608068405,0.3258018736168763,0,test
SHP-0267,USLAX-USCHI,USLAX,USCHI,ROAD,GENERAL,STANDARD,2025-04-22 02:00:00+00:00,2025-04-25 05:00:00+00:00,2025-04-26 03:36:05.592026910+00:00,22.601553340555554,1,0.7825871885927793,0.3133510868772471,1,test
SHP-0268,AEDXB-GBLHR,AEDXB,GBLHR,AIR,GENERAL,STANDARD,2025-04-22 12:00:00+00:00,2025-04-23 21:00:00+00:00,2025-04-23 18:16:43.739030642+00:00,-2.721183602777778,0,0.3889107417494147,0.1722028716157861,1,test
SHP-0269,SGSIN-USLAX,SGSIN,USLAX,MULTIMODAL,GENERAL,STANDARD,2025-04-22 16:00:00+00:00,2025-05-03 06:00:00+00:00,2025-05-02 22:51:06.453376279+00:00,-7.148207395555556,0,0.4952423262509721,0.236651230913195,1,test
SHP-0270,NLRTM-FRPAR,NLRTM,FRPAR,MULTIMODAL,GENERAL,STANDARD,2025-04-23 08:00:00+00:00,2025-04-26 00:00:00+00:00,2025-04-25 14:28:39.216947535+00:00,-9.522439736944444,0,0.1981136207497503,0.3483142178326386,1,test
SHP-0271,SGSIN-AUSYD,SGSIN,AUSYD,SEA,GENERAL,STANDARD,2025-04-23 18:00:00+00:00,2025-04-29 09:00:00+00:00,2025-04-28 22:46:17.565916712+00:00,-10.228453912222225,0,0.563714373035063,0.1652252624725512,1,test
SHP-0272,CNSHA-DEHAM,CNSHA,DEHAM,SEA,ELECTRONICS,EXPRESS,2025-04-23 23:00:00+00:00,2025-05-09 19:58:48+00:00,2025-05-09 23:26:53.323215706+00:00,3.4681453375,0,0.3480036579741533,0.5974777208508335,1,test
SHP-0273,USLAX-USCHI,USLAX,USCHI,ROAD,PERISHABLE,STANDARD,2025-04-24 13:00:00+00:00,2025-04-27 16:00:00+00:00,2025-04-27 20:13:11.886808996+00:00,4.2199685577777775,0,0.5315497390752861,0.2582093864411673,1,test
SHP-0274,AEDXB-GBLHR,AEDXB,GBLHR,AIR,GENERAL,STANDARD,2025-04-24 23:00:00+00:00,2025-04-26 08:00:00+00:00,2025-04-26 20:05:54.022968349+00:00,12.098339713333331,1,0.194598808217207,0.2898864821300231,1,test
SHP-0275,SGSIN-USLAX,SGSIN,USLAX,MULTIMODAL,GENERAL,STANDARD,2025-04-25 06:00:00+00:00,2025-05-05 20:00:00+00:00,2025-05-06 10:11:19.657901363+00:00,14.188793861388888,1,0.7882247383920722,0.5685935764650336,1,test
SHP-0276,NLRTM-FRPAR,NLRTM,FRPAR,MULTIMODAL,PERISHABLE,STANDARD,2025-04-25 17:00:00+00:00,2025-04-28 09:00:00+00:00,2025-04-29 01:36:27.157397812+00:00,16.60754372138889,1,0.4019246204697202,0.3098177960421668,0,test
SHP-0277,SGSIN-AUSYD,SGSIN,AUSYD,SEA,ELECTRONICS,STANDARD,2025-04-26 01:00:00+00:00,2025-05-01 16:00:00+00:00,2025-05-03 02:34:29.843528217+00:00,34.57495653555556,1,0.6119430922781849,0.186829657219868,0,test
SHP-0278,CNSHA-DEHAM,CNSHA,DEHAM,SEA,ELECTRONICS,STANDARD,2025-04-26 10:00:00+00:00,2025-05-14 21:00:00+00:00,2025-05-14 01:28:29.664385734+00:00,-19.52509322638889,0,0.4630935256902729,0.3359989276072099,1,test
SHP-0279,USLAX-USCHI,USLAX,USCHI,ROAD,GENERAL,EXPRESS,2025-04-27 00:00:00+00:00,2025-04-29 16:30:00+00:00,2025-04-30 03:23:03.838073237+00:00,10.884399464722222,0,0.585734015277914,0.4543831697764782,1,test
SHP-0280,AEDXB-GBLHR,AEDXB,GBLHR,AIR,ELECTRONICS,STANDARD,2025-04-27 12:00:00+00:00,2025-04-28 21:00:00+00:00,2025-04-29 15:55:54.990210242+00:00,18.931941725,1,0.2184024645519653,0.158678875565684,0,test
SHP-0281,SGSIN-USLAX,SGSIN,USLAX,MULTIMODAL,GENERAL,STANDARD,2025-04-27 19:00:00+00:00,2025-05-08 09:00:00+00:00,2025-05-08 01:58:57.770710258+00:00,-7.017285913888888,0,0.4432930188295456,0.3454240269714461,1,test
SHP-0282,NLRTM-FRPAR,NLRTM,FRPAR,MULTIMODAL,GENERAL,STANDARD,2025-04-28 04:00:00+00:00,2025-04-30 20:00:00+00:00,2025-04-30 05:43:52.244048203+00:00,-14.268821097777778,0,0.5486449452851349,0.1009984533573998,1,test
SHP-0283,SGSIN-AUSYD,SGSIN,AUSYD,SEA,PERISHABLE,STANDARD,2025-04-28 13:00:00+00:00,2025-05-04 04:00:00+00:00,2025-05-04 02:59:47.856535883+00:00,-1.0033731847222225,0,0.583697319335046,0.1282949806494116,1,test
SHP-0284,CNSHA-DEHAM,CNSHA,DEHAM,SEA,ELECTRONICS,STANDARD,2025-04-29 04:00:00+00:00,2025-05-17 15:00:00+00:00,2025-05-17 11:56:16.390572005+00:00,-3.06211373,0,0.613905592078039,0.3418964732857327,1,test
SHP-0285,USLAX-USCHI,USLAX,USCHI,ROAD,GENERAL,EXPRESS,2025-04-29 11:00:00+00:00,2025-05-02 03:30:00+00:00,2025-05-01 19:26:57.013272605+00:00,-8.050829646666667,0,0.3530369986081504,0.3785616114296894,1,test
SHP-0286,AEDXB-GBLHR,AEDXB,GBLHR,AIR,GENERAL,STANDARD,2025-04-29 22:00:00+00:00,2025-05-01 07:00:00+00:00,2025-05-01 07:37:46.709944555+00:00,0.6296416511111111,0,0.327347241308101,0.2593897760779824,1,test
SHP-0287,SGSIN-USLAX,SGSIN,USLAX,MULTIMODAL,GENERAL,EXPRESS,2025-04-30 05:00:00+00:00,2025-05-09 07:26:24+00:00,2025-05-09 02:47:46.908208125+00:00,-4.6436366088888885,0,0.2434646749194602,0.2293487093566357,1,test
SHP-0288,NLRTM-FRPAR,NLRTM,FRPAR,MULTIMODAL,GENERAL,EXPRESS,2025-04-30 19:00:00+00:00,2025-05-03 02:02:24+00:00,2025-05-03 09:30:03.544467289+00:00,7.460984574166667,0,0.4944384485177167,0.296822662974408,1,test
SHP-0289,SGSIN-AUSYD,SGSIN,AUSYD,SEA,PERISHABLE,STANDARD,2025-05-01 04:00:00+00:00,2025-05-06 19:00:00+00:00,2025-05-06 11:34:57.350313585+00:00,-7.417402690833334,0,0.443184749342102,0.1870224442470847,1,test
SHP-0290,CNSHA-DEHAM,CNSHA,DEHAM,SEA,PERISHABLE,STANDARD,2025-05-01 16:00:00+00:00,2025-05-20 03:00:00+00:00,2025-05-20 09:24:36.796029810+00:00,6.410221119166667,0,0.5092993520438811,0.1780506772202795,1,test
SHP-0291,USLAX-USCHI,USLAX,USCHI,ROAD,FASHION,EXPRESS,2025-05-01 23:00:00+00:00,2025-05-04 15:30:00+00:00,2025-05-05 05:53:12.157865078+00:00,14.386710518055557,1,0.3903305447392007,0.139993197459304,0,test
SHP-0292,AEDXB-GBLHR,AEDXB,GBLHR,AIR,FASHION,STANDARD,2025-05-02 06:00:00+00:00,2025-05-03 15:00:00+00:00,2025-05-02 18:00:30.674684751+00:00,-20.99147925444445,0,0.2500445373526323,0.114863652309816,1,test
SHP-0293,SGSIN-USLAX,SGSIN,USLAX,MULTIMODAL,GENERAL,STANDARD,2025-05-02 17:00:00+00:00,2025-05-13 07:00:00+00:00,2025-05-13 10:48:22.578415454+00:00,3.806271781944445,0,0.3723841767117227,0.3966394130068366,1,test
SHP-0294,NLRTM-FRPAR,NLRTM,FRPAR,MULTIMODAL,GENERAL,STANDARD,2025-05-03 07:00:00+00:00,2025-05-05 23:00:00+00:00,2025-05-05 21:39:24.635184972+00:00,-1.343156893333333,0,0.5545467889078994,0.2306549227532189,1,test
SHP-0295,SGSIN-AUSYD,SGSIN,AUSYD,SEA,ELECTRONICS,STANDARD,2025-05-03 16:00:00+00:00,2025-05-09 07:00:00+00:00,2025-05-10 08:15:40.100127324+00:00,25.261138924166666,1,0.4827764247170298,0.348007746271037,0,test
SHP-0296,CNSHA-DEHAM,CNSHA,DEHAM,SEA,GENERAL,EXPRESS,2025-05-04 00:00:00+00:00,2025-05-19 20:58:48+00:00,2025-05-20 06:14:55.593912455+00:00,9.268776086666666,0,0.6619532500221967,0.315676963192959,1,test
SHP-0297,USLAX-USCHI,USLAX,USCHI,ROAD,GENERAL,STANDARD,2025-05-04 12:00:00+00:00,2025-05-07 15:00:00+00:00,2025-05-08 03:10:58.191629908+00:00,12.182831008055556,1,0.6061826784439915,0.4365631377438324,0,test
SHP-0298,AEDXB-GBLHR,AEDXB,GBLHR,AIR,PERISHABLE,EXPRESS,2025-05-04 19:00:00+00:00,2025-05-05 23:22:48+00:00,2025-05-05 13:40:02.399215097+00:00,-9.712666884722225,0,0.4954101212997088,0.3193745821866569,1,test
SHP-0299,SGSIN-USLAX,SGSIN,USLAX,MULTIMODAL,GENERAL,STANDARD,2025-05-05 10:00:00+00:00,2025-05-16 00:00:00+00:00,2025-05-15 22:07:28.064307926+00:00,-1.8755376925,0,0.6164919958357189,0.2417624017881522,1,test
SHP-0300,NLRTM-FRPAR,NLRTM,FRPAR,MULTIMODAL,GENERAL,STANDARD,2025-05-05 19:00:00+00:00,2025-05-08 11:00:00+00:00,2025-05-08 09:59:05.095487663+00:00,-1.0152512536111111,0,0.3494919936851736,0.3420293463739677,1,test
